"sample","elapsed_ms"
"4501","1.728692"
"4502","1.799384"
"4503","1.711154"
"4504","2.393308"
"4505","2.302077"
"4506","1.944808"
"4507","2.005961"
"4508","1.916"
"4509","1.966962"
"4510","1.8975"
"4511","1.879577"
"4512","2.009192"
"4513","2.08023"
"4514","1.979461"
"4515","1.923385"
"4516","1.888539"
"4517","2.228692"
"4518","2.710731"
"4519","1.821154"
"4520","1.915116"
"4521","2.012424"
"4522","1.840846"
"4523","1.698077"
"4524","1.767885"
"4525","1.707692"
"4526","1.798769"
"4527","1.701231"
"4528","1.676923"
"4529","1.800884"
"4530","1.792538"
"4531","1.763692"
"4532","1.691846"
"4533","1.776808"
"4534","1.757847"
"4535","1.746346"
"4536","1.718923"
"4537","1.869731"
"4538","1.705654"
"4539","1.761961"
"4540","1.717769"
"4541","1.764269"
"4542","1.688116"
"4543","1.735615"
"4544","1.668808"
"4545","1.820962"
"4546","1.747385"
"4547","1.680885"
"4548","1.723807"
"4549","1.707884"
"4550","1.76"
"4551","1.697692"
"4552","1.868115"
"4553","1.772577"
"4554","1.763"
"4555","1.714577"
"4556","1.779308"
"4557","1.692693"
"4558","1.749193"
"4559","1.70177"
"4560","1.726269"
"4561","1.815538"
"4562","1.768077"
"4563","1.733308"
"4564","1.765307"
"4565","1.771269"
"4566","1.715577"
"4567","1.729423"
"4568","1.723"
"4569","1.925423"
"4570","1.737653"
"4571","1.760077"
"4572","1.712347"
"4573","1.803923"
"4574","1.712962"
"4575","1.708769"
"4576","1.723731"
"4577","1.858346"
"4578","2.142307"
"4579","1.726808"
"4580","1.724847"
"4581","1.685654"
"4582","1.763924"
"4583","1.659846"
"4584","1.803615"
"4585","1.771192"
"4586","2.339116"
"4587","2.088847"
"4588","1.899615"
"4589","1.964923"
"4590","2.016577"
"4591","1.874192"
"4592","1.9795"
"4593","2.107385"
"4594","2.054461"
"4595","1.924269"
"4596","1.864847"
"4597","1.947154"
"4598","1.8955"
"4599","2.26"
"4600","1.995115"
"4601","1.997154"
"4602","1.935539"
"4603","1.771539"
"4604","1.789461"
"4605","1.724577"
"4606","1.756654"
"4607","1.726731"
"4608","1.818423"
"4609","1.83527"
"4610","1.709654"
"4611","1.773077"
"4612","1.739308"
"4613","1.831462"
"4614","1.710116"
"4615","1.794192"
"4616","1.711538"
"4617","1.848885"
"4618","1.722461"
"4619","1.735423"
"4620","1.716577"
"4621","1.742269"
"4622","1.683577"
"4623","1.744308"
"4624","1.687731"
"4625","1.776731"
"4626","1.776385"
"4627","1.682923"
"4628","1.779038"
"4629","1.696731"
"4630","1.908346"
"4631","1.714038"
"4632","1.811461"
"4633","1.798077"
"4634","1.780423"
"4635","1.684"
"4636","1.817039"
"4637","1.685269"
"4638","1.707807"
"4639","1.713577"
"4640","1.700153"
"4641","1.828347"
"4642","1.709923"
"4643","1.775577"
"4644","1.680654"
"4645","1.767577"
"4646","1.663308"
"4647","1.799846"
"4648","1.683154"
"4649","1.86227"
"4650","1.692615"
"4651","1.763384"
"4652","1.696423"
"4653","1.744423"
"4654","1.696076"
"4655","1.70327"
"4656","1.711731"
"4657","1.847"
"4658","1.7395"
"4659","1.704269"
"4660","1.763654"
"4661","1.726808"
"4662","1.707154"
"4663","1.675846"
"4664","1.728653"
"4665","1.779923"
"4666","1.744923"
"4667","1.720885"
"4668","2.342769"
"4669","2.077154"
"4670","1.905308"
"4671","2.014539"
"4672","1.958923"
"4673","2.083885"
"4674","1.914538"
"4675","1.884654"
"4676","2.015385"
"4677","1.896424"
"4678","1.911385"
"4679","1.862115"
"4680","1.879808"
"4681","2.403269"
"4682","2.272769"
"4683","1.911769"
"4684","2.104577"
"4685","1.746346"
"4686","1.773654"
"4687","1.707884"
"4688","1.761924"
"4689","1.828731"
"4690","1.812346"
"4691","1.721693"
"4692","1.774692"
"4693","1.758808"
"4694","1.692153"
"4695","1.680346"
"4696","1.674423"
"4697","1.824885"
"4698","1.665884"
"4699","1.719346"
"4700","1.671808"
"4701","1.739577"
"4702","1.66627"
"4703","1.756846"
"4704","1.678154"
"4705","1.852885"
"4706","1.702539"
"4707","1.763346"
"4708","1.6845"
"4709","1.786269"
"4710","1.715077"
"4711","1.728692"
"4712","1.704231"
"4713","1.79"
"4714","1.719692"
"4715","1.741154"
"4716","1.780308"
"4717","1.699038"
"4718","1.889193"
"4719","1.703731"
"4720","1.885692"
"4721","1.782923"
"4722","1.814115"
"4723","1.703424"
"4724","1.811038"
"4725","1.65977"
"4726","1.734808"
"4727","1.673154"
"4728","1.706961"
"4729","1.792615"
"4730","1.683923"
"4731","1.713308"
"4732","1.70727"
"4733","1.779308"
"4734","1.690923"
"4735","1.849807"
"4736","1.70127"
"4737","1.872462"
"4738","1.6825"
"4739","1.752461"
"4740","1.719962"
"4741","1.739577"
"4742","1.675154"
"4743","1.708539"
"4744","1.680115"
"4745","1.763038"
"4746","1.718231"
"4747","1.685076"
"4748","1.72"
"4749","1.646538"
"4750","2.318423"
"4751","2.013077"
"4752","2.087193"
"4753","2.066539"
"4754","1.917731"
"4755","1.938308"
"4756","1.843885"
"4757","1.961"
"4758","1.975885"
"4759","1.888039"
"4760","1.941423"
"4761","2.002154"
"4762","1.943885"
"4763","2.159193"
"4764","2.341577"
"4765","1.897039"
"4766","1.848692"
"4767","1.852616"
"4768","1.756154"
"4769","1.890731"
"4770","1.770692"
"4771","1.685231"
"4772","1.779731"
"4773","1.701153"
"4774","1.765192"
"4775","1.706462"
"4776","1.770923"
"4777","1.807923"
"4778","1.744769"
"4779","1.681115"
"4780","1.792346"
"4781","1.677346"
"4782","1.783346"
"4783","1.698307"
"4784","1.744769"
"4785","1.824846"
"4786","1.706269"
"4787","1.762577"
"4788","1.716346"
"4789","1.75177"
"4790","1.697077"
"4791","1.767924"
"4792","1.692693"
"4793","1.851731"
"4794","1.700808"
"4795","1.776461"
"4796","1.687461"
"4797","1.786"
"4798","1.715769"
"4799","1.96023"
"4800","1.723962"
"4801","1.791115"
"4802","1.758923"
"4803","1.694038"
"4804","1.816039"
"4805","1.702576"
"4806","1.718769"
"4807","1.726346"
"4808","1.728231"
"4809","1.754846"
"4810","1.75823"
"4811","1.698269"
"4812","1.754654"
"4813","1.719115"
"4814","1.797308"
"4815","1.664923"
"4816","1.681961"
"4817","1.754923"
"4818","1.736846"
"4819","1.778654"
"4820","1.707654"
"4821","1.780423"
"4822","1.722769"
"4823","1.768346"
"4824","1.685077"
"4825","1.824654"
"4826","1.695653"
"4827","1.755115"
"4828","1.687731"
"4829","1.743576"
"4830","1.711846"
"4831","1.758384"
"4832","2.402654"
"4833","2.101539"
"4834","1.988269"
"4835","1.902115"
"4836","1.95323"
"4837","1.945461"
"4838","1.906692"
"4839","1.931808"
"4840","1.870808"
"4841","2.034347"
"4842","1.960385"
"4843","1.882577"
"4844","1.982846"
"4845","2.157231"
"4846","2.221885"
"4847","1.924346"
"4848","1.846884"
"4849","2.022808"
"4850","1.775693"
"4851","1.7655"
"4852","1.687308"
"4853","1.671115"
"4854","1.684307"
"4855","1.696693"
"4856","1.774308"
"4857","1.800077"
"4858","1.854154"
"4859","1.710192"
"4860","1.759038"
"4861","1.715769"
"4862","1.720423"
"4863","1.733385"
"4864","1.752539"
"4865","1.800962"
"4866","1.726615"
"4867","1.683847"
"4868","1.712423"
"4869","1.729615"
"4870","1.715885"
"4871","1.728347"
"4872","1.689269"
"4873","1.858769"
"4874","1.692692"
"4875","1.738423"
"4876","1.653"
"4877","1.732461"
"4878","1.709"
"4879","1.734615"
"4880","1.691077"
"4881","2.427269"
"4882","1.704423"
"4883","1.680731"
"4884","1.759462"
"4885","1.697577"
"4886","1.779077"
"4887","1.737615"
"4888","1.748769"
"4889","1.809884"
"4890","1.765615"
"4891","1.699654"
"4892","1.757269"
"4893","1.711153"
"4894","1.729115"
"4895","1.745384"
"4896","1.804769"
"4897","1.788269"
"4898","1.688077"
"4899","1.73823"
"4900","1.724385"
"4901","1.753539"
"4902","1.695347"
"4903","1.763654"
"4904","1.684885"
"4905","1.853961"
"4906","1.703269"
"4907","1.734462"
"4908","1.736616"
"4909","1.751384"
"4910","1.690423"
"4911","1.738423"
"4912","1.657846"
"4913","1.828808"
"4914","2.472192"
"4915","2.004423"
"4916","2.026884"
"4917","1.933962"
"4918","1.945615"
"4919","1.904423"
"4920","1.897116"
"4921","2.089423"
"4922","1.893961"
"4923","1.956038"
"4924","1.931769"
"4925","1.879885"
"4926","1.966615"
"4927","2.330846"
"4928","2.028923"
"4929","2.008923"
"4930","1.946269"
"4931","1.830539"
"4932","1.722423"
"4933","1.827692"
"4934","1.689384"
"4935","1.769"
"4936","1.708039"
"4937","1.915039"
"4938","1.724653"
"4939","1.695461"
"4940","1.747077"
"4941","1.718"
"4942","1.78577"
"4943","1.674846"
"4944","1.749924"
"4945","1.833269"
"4946","1.780192"
"4947","1.732115"
"4948","1.745538"
"4949","1.677846"
"4950","1.772"
"4951","1.717654"
"4952","1.749769"
"4953","1.838423"
"4954","1.726231"
"4955","1.760423"
"4956","1.686461"
"4957","1.7495"
"4958","1.676346"
"4959","1.739577"
"4960","1.634461"
"4961","1.873692"
"4962","1.701461"
"4963","1.766923"
"4964","1.703384"
"4965","1.737962"
"4966","1.731923"
"4967","1.727385"
"4968","1.704"
"4969","1.858538"
"4970","1.699616"
"4971","1.739347"
"4972","1.799231"
"4973","1.687038"
"4974","1.753885"
"4975","1.674961"
"4976","1.725307"
"4977","1.802693"
"4978","1.759654"
"4979","1.718847"
"4980","1.770654"
"4981","1.680885"
"4982","1.804807"
"4983","1.712193"
"4984","1.719884"
"4985","1.816423"
"4986","1.702153"
"4987","1.694269"
"4988","1.679615"
"4989","1.755192"
"4990","1.683269"
"4991","1.807615"
"4992","1.686115"
"4993","1.829654"
"4994","1.681231"
"4995","1.747846"
"4996","2.313577"
"4997","2.055885"
"4998","1.946154"
"4999","1.896423"
"5000","1.980769"
"5001","2.052269"
"5002","2.072346"
"5003","1.947308"
"5004","1.905731"
"5005","1.942962"
"5006","1.902692"
"5007","1.937193"
"5008","1.924462"
"5009","2.447"
"5010","2.009808"
"5011","1.851385"
"5012","1.96677"
"5013","1.724577"
"5014","1.710038"
"5015","1.814615"
"5016","1.7155"
"5017","1.948308"
"5018","1.732731"
"5019","1.745731"
"5020","1.729654"
"5021","1.751115"
"5022","1.733154"
"5023","1.879884"
"5024","1.719116"
"5025","1.776423"
"5026","1.714731"
"5027","1.705808"
"5028","1.783385"
"5029","1.761885"
"5030","1.786385"
"5031","1.716"
"5032","1.885269"
"5033","1.748153"
"5034","1.759769"
"5035","1.695692"
"5036","1.734692"
"5037","1.745385"
"5038","1.744385"
"5039","1.690654"
"5040","1.766308"
"5041","1.853539"
"5042","1.707923"
"5043","1.769692"
"5044","1.6965"
"5045","1.791346"
"5046","1.689039"
"5047","1.748462"
"5048","1.72977"
"5049","1.855"
"5050","1.724692"
"5051","1.772731"
"5052","1.70223"
"5053","1.7305"
"5054","1.722961"
"5055","1.804769"
"5056","1.696154"
"5057","1.799"
"5058","1.737231"
"5059","1.697538"
"5060","1.748461"
"5061","1.676961"
"5062","1.779423"
"5063","1.667193"
"5064","1.743961"
"5065","1.792538"
"5066","1.760384"
"5067","1.677654"
"5068","1.711038"
"5069","1.666115"
"5070","1.777961"
"5071","1.661846"
"5072","1.730615"
"5073","1.784961"
"5074","1.742923"
"5075","1.7075"
"5076","1.692039"
"5077","1.678615"
"5078","2.337346"
"5079","2.241"
"5080","1.930385"
"5081","2.034461"
"5082","2.0005"
"5083","2.048115"
"5084","1.9495"
"5085","1.928385"
"5086","1.868615"
"5087","1.912154"
"5088","1.8965"
"5089","2.091692"
"5090","1.89323"
"5091","2.444038"
"5092","2.051693"
"5093","1.820423"
"5094","1.853692"
"5095","1.759693"
"5096","1.790846"
"5097","1.884154"
"5098","1.695307"
"5099","1.774385"
"5100","1.703654"
"5101","1.743885"
"5102","1.6725"
"5103","1.754962"
"5104","1.6825"
"5105","1.863884"
"5106","1.749462"
"5107","1.780231"
"5108","1.692231"
"5109","1.747077"
"5110","1.689615"
"5111","1.749077"
"5112","1.702384"
"5113","1.841769"
"5114","1.700116"
"5115","1.690616"
"5116","1.769885"
"5117","1.673654"
"5118","1.771961"
"5119","1.720038"
"5120","1.766269"
"5121","1.868424"
"5122","1.780539"
"5123","1.686038"
"5124","1.840231"
"5125","1.728693"
"5126","1.738192"
"5127","1.6765"
"5128","1.722461"
"5129","1.865693"
"5130","1.718231"
"5131","1.778769"
"5132","1.715692"
"5133","1.779308"
"5134","1.696423"
"5135","1.767615"
"5136","1.707153"
"5137","1.830731"
"5138","1.683039"
"5139","1.727385"
"5140","1.695269"
"5141","1.7445"
"5142","1.701308"
"5143","1.731384"
"5144","1.70877"
"5145","1.760962"
"5146","1.709923"
"5147","1.716039"
"5148","1.751616"
"5149","1.684962"
"5150","1.769692"
"5151","1.655"
"5152","1.723231"
"5153","1.777539"
"5154","1.752653"
"5155","1.697192"
"5156","1.708269"
"5157","1.653461"
"5158","1.731"
"5159","1.639154"
"5160","2.295346"
"5161","2.318885"
"5162","1.956"
"5163","1.954961"
"5164","1.913462"
"5165","1.843615"
"5166","1.895654"
"5167","1.844116"
"5168","1.93377"
"5169","2.003346"
"5170","1.933538"
"5171","1.869576"
"5172","2.112885"
"5173","2.3205"
"5174","2.091961"
"5175","1.845385"
"5176","1.8545"
"5177","1.962577"
"5178","1.882577"
"5179","1.707231"
"5180","1.820808"
"5181","1.755962"
"5182","1.768"
"5183","1.717808"
"5184","1.740346"
"5185","1.762693"
"5186","1.710731"
"5187","1.663923"
"5188","1.688077"
"5189","1.721"
"5190","1.657654"
"5191","1.761615"
"5192","1.703346"
"5193","1.825577"
"5194","1.701692"
"5195","1.777962"
"5196","1.740346"
"5197","1.820923"
"5198","1.725653"
"5199","1.892731"
"5200","1.688923"
"5201","1.828769"
"5202","1.694385"
"5203","1.668769"
"5204","1.697462"
"5205","1.697807"
"5206","1.756846"
"5207","1.700346"
"5208","1.728116"
"5209","1.818423"
"5210","1.816346"
"5211","1.684884"
"5212","1.716846"
"5213","1.693961"
"5214","1.812116"
"5215","1.707654"
"5216","1.735462"
"5217","1.787461"
"5218","1.791077"
"5219","1.682423"
"5220","1.693269"
"5221","1.663231"
"5222","1.771384"
"5223","1.763462"
"5224","1.695077"
"5225","1.902077"
"5226","1.708692"
"5227","1.786346"
"5228","1.717962"
"5229","1.781615"
"5230","1.675154"
"5231","1.738269"
"5232","1.718769"
"5233","1.876808"
"5234","1.694385"
"5235","1.699846"
"5236","1.675731"
"5237","1.742538"
"5238","1.723385"
"5239","1.669077"
"5240","1.721193"
"5241","1.817461"
"5242","2.484654"
"5243","2.035923"
"5244","1.939577"
"5245","2.056731"
"5246","1.939308"
"5247","1.930654"
"5248","1.875846"
"5249","2.110461"
"5250","1.931885"
"5251","1.896"
"5252","1.920769"
"5253","1.912577"
"5254","1.938154"
"5255","2.292539"
"5256","2.163462"
"5257","2.14"
"5258","1.876307"
"5259","1.742115"
"5260","1.81377"
"5261","1.711116"
"5262","1.779923"
"5263","1.722653"
"5264","1.757116"
"5265","1.830385"
"5266","1.765038"
"5267","1.676154"
"5268","1.762269"
"5269","1.686423"
"5270","1.756116"
"5271","1.690307"
"5272","1.762692"
"5273","1.786923"
"5274","1.728577"
"5275","1.687962"
"5276","1.710308"
"5277","1.7755"
"5278","1.674923"
"5279","1.743346"
"5280","1.694231"
"5281","1.864962"
"5282","1.709538"
"5283","1.762461"
"5284","1.708424"
"5285","1.758693"
"5286","1.70027"
"5287","1.758308"
"5288","1.664461"
"5289","1.910039"
"5290","1.726923"
"5291","1.699116"
"5292","1.712961"
"5293","1.717"
"5294","1.756961"
"5295","1.686231"
"5296","1.882385"
"5297","1.757692"
"5298","1.735692"
"5299","1.670884"
"5300","1.740154"
"5301","1.676192"
"5302","1.740269"
"5303","1.685385"
"5304","1.752077"
"5305","1.810654"
"5306","1.770961"
"5307","1.665038"
"5308","1.717116"
"5309","1.737654"
"5310","1.682885"
"5311","1.789461"
"5312","1.676539"
"5313","1.842423"
"5314","1.696077"
"5315","1.776269"
"5316","1.719346"
"5317","1.742461"
"5318","1.67227"
"5319","1.729346"
"5320","1.903731"
"5321","1.815462"
"5322","1.689616"
"5323","1.6885"
"5324","2.460923"
"5325","2.012307"
"5326","1.9775"
"5327","1.909269"
"5328","1.925616"
"5329","2.078654"
"5330","1.902807"
"5331","2.009808"
"5332","1.903269"
"5333","1.929808"
"5334","1.9275"
"5335","1.881154"
"5336","2.000654"
"5337","2.422347"
"5338","1.827846"
"5339","1.852538"
"5340","1.828462"
"5341","1.858154"
"5342","1.709"
"5343","1.759577"
"5344","1.712077"
"5345","1.916731"
"5346","1.686654"
"5347","1.7555"
"5348","1.742"
"5349","1.734193"
"5350","1.708692"
"5351","1.701769"
"5352","1.771769"
"5353","1.844423"
"5354","1.770308"
"5355","1.740654"
"5356","1.814346"
"5357","1.693884"
"5358","1.872192"
"5359","1.665077"
"5360","1.770462"
"5361","1.8005"
"5362","1.764769"
"5363","1.696269"
"5364","1.684885"
"5365","1.672269"
"5366","1.720962"
"5367","1.758038"
"5368","1.699308"
"5369","1.838115"
"5370","1.714654"
"5371","1.7645"
"5372","1.710077"
"5373","1.711077"
"5374","1.695269"
"5375","1.761"
"5376","1.691231"
"5377","1.854116"
"5378","1.695846"
"5379","1.746615"
"5380","1.687154"
"5381","1.78977"
"5382","1.713"
"5383","1.702807"
"5384","1.670654"
"5385","1.766577"
"5386","1.764269"
"5387","1.731"
"5388","1.787116"
"5389","1.694769"
"5390","1.800423"
"5391","1.655269"
"5392","1.753615"
"5393","1.768654"
"5394","1.75773"
"5395","1.692269"
"5396","1.739653"
"5397","1.703923"
"5398","1.753884"
"5399","1.668731"
"5400","1.709385"
"5401","1.867731"
"5402","1.696077"
"5403","1.732577"
"5404","1.685616"
"5405","1.795538"
"5406","1.694615"
"5407","1.832423"
"5408","2.483769"
"5409","2.104423"
"5410","1.977692"
"5411","1.915346"
"5412","1.925616"
"5413","1.878616"
"5414","1.960461"
"5415","1.940461"
"5416","1.87423"
"5417","2.064308"
"5418","1.897116"
"5419","1.9625"
"5420","2.227692"
"5421","3.121192"
"5422","1.864385"
"5423","1.996307"
"5424","1.814038"
"5425","1.921347"
"5426","1.701"
"5427","1.734"
"5428","1.687615"
"5429","1.7725"
"5430","1.7565"
"5431","1.735616"
"5432","1.705307"
"5433","1.787731"
"5434","1.759923"
"5435","1.70877"
"5436","1.737231"
"5437","1.755385"
"5438","1.748769"
"5439","1.763423"
"5440","1.761962"
"5441","1.781077"
"5442","1.760615"
"5443","1.813769"
"5444","1.689577"
"5445","1.703923"
"5446","1.683307"
"5447","1.751539"
"5448","1.67973"
"5449","1.807"
"5450","1.675961"
"5451","1.757"
"5452","1.702885"
"5453","1.694423"
"5454","1.705923"
"5455","1.720308"
"5456","1.672231"
"5457","1.791462"
"5458","1.702231"
"5459","1.748538"
"5460","1.713961"
"5461","1.779616"
"5462","1.731923"
"5463","1.653038"
"5464","1.6805"
"5465","1.822038"
"5466","1.812115"
"5467","1.713308"
"5468","1.789462"
"5469","1.684038"
"5470","1.76523"
"5471","1.690769"
"5472","1.813346"
"5473","1.868193"
"5474","1.748692"
"5475","1.698615"
"5476","1.907039"
"5477","1.707346"
"5478","1.693231"
"5479","1.667884"
"5480","1.707731"
"5481","1.860808"
"5482","1.686115"
"5483","1.725077"
"5484","1.676846"
"5485","1.754808"
"5486","1.698308"
"5487","1.733539"
"5488","2.303846"
"5489","2.140961"
"5490","2.031461"
"5491","1.91577"
"5492","1.99673"
"5493","1.854"
"5494","1.889692"
"5495","1.957115"
"5496","1.86673"
"5497","2.141384"
"5498","1.878961"
"5499","1.90877"
"5500","1.874654"
"5501","2.137539"
"5502","2.656269"
"5503","1.857077"
"5504","1.8895"
"5505","1.995153"
"5506","1.819346"
"5507","1.779038"
"5508","1.707423"
"5509","1.731923"
"5510","1.762923"
"5511","1.747577"
"5512","1.73473"
"5513","1.840577"
"5514","1.715616"
"5515","1.713692"
"5516","1.724846"
"5517","1.686808"
"5518","1.740192"
"5519","1.688423"
"5520","1.792846"
"5521","1.821192"
"5522","1.816269"
"5523","1.709693"
"5524","1.740192"
"5525","1.698423"
"5526","1.722962"
"5527","1.675192"
"5528","1.765923"
"5529","1.784577"
"5530","1.701231"
"5531","1.689269"
"5532","1.741846"
"5533","1.742731"
"5534","1.720307"
"5535","1.733384"
"5536","1.675269"
"5537","1.851461"
"5538","1.709961"
"5539","1.767731"
"5540","1.764808"
"5541","1.737577"
"5542","1.695385"
"5543","1.748808"
"5544","1.6845"
"5545","1.865539"
"5546","1.752153"
"5547","1.7115"
"5548","1.7205"
"5549","1.718654"
"5550","1.750077"
"5551","1.670269"
"5552","1.753231"
"5553","1.792924"
"5554","1.785192"
"5555","1.699423"
"5556","1.846962"
"5557","1.6675"
"5558","1.7385"
"5559","1.694115"
"5560","1.744846"
"5561","1.762808"
"5562","1.867769"
"5563","1.700231"
"5564","1.683116"
"5565","1.739962"
"5566","1.649923"
"5567","1.729115"
"5568","1.688308"
"5569","1.855039"
"5570","2.353385"
"5571","2.082539"
"5572","1.970385"
"5573","1.896539"
"5574","1.997846"
"5575","1.857808"
"5576","1.953308"
"5577","2.170808"
"5578","1.935654"
"5579","1.938308"
"5580","1.857808"
"5581","1.930423"
"5582","1.929539"
"5583","2.193693"
"5584","2.330692"
"5585","1.966115"
"5586","1.940115"
"5587","1.763346"
"5588","1.725461"
"5589","1.745615"
"5590","1.761962"
"5591","1.772154"
"5592","1.688923"
"5593","1.894654"
"5594","1.682385"
"5595","1.749038"
"5596","1.668769"
"5597","1.809693"
"5598","1.695116"
"5599","1.809654"
"5600","1.700347"
"5601","1.892346"
"5602","1.698731"
"5603","1.740731"
"5604","1.760539"
"5605","1.716961"
"5606","1.796308"
"5607","1.6905"
"5608","1.734923"
"5609","1.827116"
"5610","1.75723"
"5611","1.665307"
"5612","1.719769"
"5613","1.666423"
"5614","1.77323"
"5615","1.673115"
"5616","1.736539"
"5617","1.795038"
"5618","1.741654"
"5619","1.737423"
"5620","1.694923"
"5621","1.746038"
"5622","1.665692"
"5623","1.735"
"5624","1.684423"
"5625","1.854308"
"5626","1.707615"
"5627","2.572731"
"5628","1.725961"
"5629","1.733962"
"5630","1.750885"
"5631","1.741154"
"5632","1.77023"
"5633","1.818192"
"5634","1.807539"
"5635","1.690846"
"5636","1.750654"
"5637","1.700346"
"5638","1.797884"
"5639","1.689923"
"5640","1.734"
"5641","1.8335"
"5642","1.864962"
"5643","1.684615"
"5644","1.677115"
"5645","1.829"
"5646","1.698654"
"5647","1.758154"
"5648","1.695038"
"5649","1.866769"
"5650","1.700885"
"5651","1.811615"
"5652","2.570615"
"5653","2.000539"
"5654","2.075347"
"5655","1.940231"
"5656","2.008808"
"5657","2.097231"
"5658","1.911807"
"5659","1.9625"
"5660","1.927462"
"5661","1.948231"
"5662","1.872308"
"5663","1.870385"
"5664","2.009538"
"5665","1.976654"
"5666","2.047192"
"5667","1.880115"
"5668","1.904115"
"5669","1.887423"
"5670","1.86473"
"5671","1.933269"
"5672","1.84173"
"5673","1.989539"
"5674","1.844846"
"5675","1.829384"
"5676","1.899923"
"5677","1.867462"
"5678","1.912462"
"5679","1.856346"
"5680","1.972384"
"5681","1.971192"
"5682","1.88227"
"5683","1.919539"
"5684","1.902539"
"5685","1.971884"
"5686","3.48273"
"5687","1.831539"
"5688","3.474"
"5689","2.0605"
"5690","1.765654"
"5691","1.717116"
"5692","1.787116"
"5693","1.721423"
"5694","1.803923"
"5695","1.711038"
"5696","1.779961"
"5697","1.792654"
"5698","1.779154"
"5699","1.721076"
"5700","1.810731"
"5701","1.712846"
"5702","1.760347"
"5703","1.700577"
"5704","1.728346"
"5705","1.841769"
"5706","1.75123"
"5707","1.757615"
"5708","1.74223"
"5709","1.765847"
"5710","1.734769"
"5711","1.815461"
"5712","1.694192"
"5713","1.896808"
"5714","1.719308"
"5715","1.80623"
"5716","1.688231"
"5717","1.732115"
"5718","1.723308"
"5719","1.700846"
"5720","1.735808"
"5721","1.7955"
"5722","1.761462"
"5723","1.697923"
"5724","1.779346"
"5725","1.6345"
"5726","1.756423"
"5727","1.726"
"5728","1.782461"
"5729","1.823538"
"5730","1.823347"
"5731","1.686654"
"5732","1.783577"
"5733","1.659615"
"5734","1.664692"
"5735","1.669039"
"5736","1.708346"
"5737","1.818962"
"5738","1.731884"
"5739","1.930115"
"5740","1.685538"
"5741","1.795654"
"5742","1.661538"
"5743","1.736269"
"5744","1.705539"
"5745","1.853653"
"5746","1.71923"
"5747","1.747885"
"5748","1.688615"
"5749","1.745615"
"5750","1.665"
"5751","1.657808"
"5752","1.690962"
"5753","1.785693"
"5754","1.741346"
"5755","1.674346"
"5756","1.762846"
"5757","1.70577"
"5758","1.727924"
"5759","1.691269"
"5760","1.792692"
"5761","1.793077"
"5762","1.806654"
"5763","1.705384"
"5764","1.743193"
"5765","1.676"
"5766","1.785269"
"5767","1.691308"
"5768","1.674577"
"5769","1.73523"
"5770","1.720885"
"5771","1.723654"
"5772","1.677693"
"5773","2.053615"
"5774","2.108615"
"5775","2.045153"
"5776","1.998039"
"5777","2.074462"
"5778","1.948154"
"5779","1.8905"
"5780","2.015461"
"5781","1.952077"
"5782","1.913193"
"5783","1.925615"
"5784","1.887731"
"5785","2.0645"
"5786","1.919116"
"5787","2.304961"
"5788","2.070769"
"5789","1.934461"
"5790","1.969385"
"5791","1.872077"
"5792","1.694923"
"5793","1.948577"
"5794","1.730461"
"5795","1.787038"
"5796","1.692039"
"5797","1.778231"
"5798","1.675846"
"5799","1.775038"
"5800","1.701231"
"5801","1.81"
"5802","1.713923"
"5803","1.764808"
"5804","1.715423"
"5805","1.713961"
"5806","1.738808"
"5807","1.706347"
"5808","1.745424"
"5809","1.820193"
"5810","1.75927"
"5811","1.706885"
"5812","1.752577"
"5813","1.716308"
"5814","1.7455"
"5815","1.688615"
"5816","1.805461"
"5817","1.825308"
"5818","1.785692"
"5819","1.674961"
"5820","1.744692"
"5821","1.721384"
"5822","1.688269"
"5823","1.780923"
"5824","1.7405"
"5825","1.878846"
"5826","1.704884"
"5827","1.828308"
"5828","1.701038"
"5829","1.727077"
"5830","1.683961"
"5831","1.742693"
"5832","1.70023"
"5833","1.8935"
"5834","1.681462"
"5835","1.736884"
"5836","1.720231"
"5837","1.724116"
"5838","1.801192"
"5839","1.712654"
"5840","1.768808"
"5841","1.808192"
"5842","1.812192"
"5843","1.679153"
"5844","1.759847"
"5845","1.696116"
"5846","1.764846"
"5847","1.697154"
"5848","1.756308"
"5849","1.840808"
"5850","1.6735"
"5851","1.668039"
"5852","1.685654"
"5853","1.773769"
"5854","1.702"
"5855","1.717885"
"5856","1.714961"
"5857","1.986461"
"5858","5.730923"
"5859","2.460116"
"5860","2.032693"
"5861","1.994846"
"5862","2.00923"
"5863","1.960038"
"5864","1.995269"
"5865","2.148"
"5866","1.915846"
"5867","1.956808"
"5868","1.886077"
"5869","1.959269"
"5870","1.910538"
"5871","1.897807"
"5872","2.020154"
"5873","2.028423"
"5874","1.930577"
"5875","1.909423"
"5876","1.867846"
"5877","1.917192"
"5878","1.863616"
"5879","1.948231"
"5880","1.899962"
"5881","2.055384"
"5882","1.951423"
"5883","1.900846"
"5884","1.930615"
"5885","1.831307"
"5886","1.902615"
"5887","1.871346"
"5888","1.944269"
"5889","2.037538"
"5890","1.875346"
"5891","1.926885"
"5892","1.92877"
"5893","4.085423"
"5894","1.900308"
"5895","1.976077"
"5896","1.849577"
"5897","1.935615"
"5898","1.7945"
"5899","1.797769"
"5900","1.708308"
"5901","1.828346"
"5902","1.72127"
"5903","1.754192"
"5904","1.7545"
"5905","1.841885"
"5906","1.811808"
"5907","1.677423"
"5908","1.764808"
"5909","1.718884"
"5910","1.868923"
"5911","1.684192"
"5912","1.742115"
"5913","1.763654"
"5914","1.821962"
"5915","1.697807"
"5916","1.728269"
"5917","1.754924"
"5918","1.715885"
"5919","1.808385"
"5920","1.677577"
"5921","1.838923"
"5922","1.707346"
"5923","1.741769"
"5924","1.718923"
"5925","1.773154"
"5926","1.686308"
"5927","1.752962"
"5928","1.705808"
"5929","1.877077"
"5930","1.785193"
"5931","1.708962"
"5932","1.703077"
"5933","1.774307"
"5934","1.803077"
"5935","1.81977"
"5936","1.797461"
"5937","1.783231"
"5938","1.878577"
"5939","1.673308"
"5940","1.743577"
"5941","1.720731"
"5942","1.74523"
"5943","1.718423"
"5944","1.901539"
"5945","1.793307"
"5946","1.767577"
"5947","1.763038"
"5948","1.671731"
"5949","1.706962"
"5950","1.715539"
"5951","1.797539"
"5952","1.720154"
"5953","1.845231"
"5954","1.699231"
"5955","1.7195"
"5956","1.744"
"5957","1.690884"
"5958","1.651846"
"5959","1.763769"
"5960","1.694077"
"5961","1.884077"
"5962","1.730231"
"5963","1.673077"
"5964","1.745962"
"5965","1.703693"
"5966","1.726346"
"5967","1.740116"
"5968","1.764539"
"5969","1.861077"
"5970","1.917885"
"5971","1.677923"
"5972","1.786962"
"5973","1.690769"
"5974","1.74127"
"5975","1.692193"
"5976","1.755731"
"5977","1.852346"
"5978","1.723538"
"5979","1.839231"
"5980","1.716461"
"5981","1.732461"
"5982","1.676807"
"5983","1.789885"
"5984","2.511192"
"5985","2.136"
"5986","2.018308"
"5987","1.960538"
"5988","2.021462"
"5989","1.900846"
"5990","1.925308"
"5991","2.004154"
"5992","1.956231"
"5993","2.072539"
"5994","1.923462"
"5995","1.9345"
"5996","1.944269"
"5997","1.889885"
"5998","1.938385"
"5999","1.915884"
"6000","1.980461"
