rows,phase,sample,elapsed_ms
1024,old-aggregate,1,0.804
1024,old-aggregate,2,0.721808
1024,old-aggregate,3,0.703885
1024,old-aggregate,4,0.700692
1024,old-aggregate,5,0.839769
1024,old-aggregate,6,0.791308
1024,old-aggregate,7,0.772385
1024,old-aggregate,8,0.794077
1024,indexed,1,3.631462
1024,indexed,2,0.235885
1024,indexed,3,0.217961
1024,indexed,4,0.209153
1024,indexed,5,0.208885
1024,indexed,6,0.210769
1024,indexed,7,0.198693
1024,indexed,8,0.192308
1024,indexed,9,0.190269
1024,indexed,10,0.193769
1024,indexed,11,0.187308
1024,indexed,12,0.194038
1024,indexed,13,0.191923
1024,indexed,14,0.207615
1024,indexed,15,0.242808
1024,indexed,16,0.2005
1024,indexed,17,0.192885
1024,indexed,18,0.188808
1024,indexed,19,0.188577
1024,indexed,20,0.185692
1024,indexed,21,0.187307
1024,indexed,22,0.188385
1024,indexed,23,0.175538
1024,indexed,24,0.172846
1024,indexed,25,0.173346
1024,indexed,26,0.173461
1024,indexed,27,0.169962
1024,indexed,28,0.171615
1024,indexed,29,0.171577
1024,indexed,30,0.171961
1024,indexed,31,0.172461
1024,indexed,32,0.170384
1024,indexed,33,0.207231
1024,indexed,34,0.184539
1024,indexed,35,0.179462
1024,indexed,36,0.1745
1024,indexed,37,0.182577
1024,indexed,38,0.176692
1024,indexed,39,0.174846
1024,indexed,40,0.174115
1024,indexed,41,0.173769
1024,indexed,42,0.173192
1024,indexed,43,0.172269
1024,indexed,44,0.170308
1024,indexed,45,0.181808
1024,indexed,46,0.174307
1024,indexed,47,0.174231
1024,indexed,48,0.173
1024,indexed,49,0.175769
1024,indexed,50,0.170808
1024,indexed,51,0.170308
1024,indexed,52,0.168615
1024,indexed,53,0.182615
1024,indexed,54,0.175077
1024,indexed,55,0.174115
1024,indexed,56,0.176884
1024,indexed,57,0.175961
1024,indexed,58,0.177385
1024,indexed,59,0.172154
1024,indexed,60,0.179423
1024,indexed,61,0.1785
1024,indexed,62,0.176
1024,indexed,63,0.175538
1024,indexed,64,0.177731
10240,old-aggregate,1,6.436193
10240,old-aggregate,2,6.191231
10240,old-aggregate,3,5.91223
10240,old-aggregate,4,5.6535
10240,old-aggregate,5,5.699923
10240,old-aggregate,6,5.176385
10240,old-aggregate,7,5.117116
10240,old-aggregate,8,4.94127
10240,indexed,1,0.229423
10240,indexed,2,0.14577
10240,indexed,3,0.136154
10240,indexed,4,0.133769
10240,indexed,5,0.127923
10240,indexed,6,0.131077
10240,indexed,7,0.125423
10240,indexed,8,0.124692
10240,indexed,9,0.1235
10240,indexed,10,0.122461
10240,indexed,11,0.123
10240,indexed,12,0.124192
10240,indexed,13,0.123423
10240,indexed,14,0.121769
10240,indexed,15,0.120962
10240,indexed,16,0.120538
10240,indexed,17,0.119923
10240,indexed,18,0.119115
10240,indexed,19,0.129115
10240,indexed,20,0.119192
10240,indexed,21,0.150808
10240,indexed,22,0.12273
10240,indexed,23,0.121347
10240,indexed,24,0.122346
10240,indexed,25,0.127423
10240,indexed,26,0.12027
10240,indexed,27,0.121423
10240,indexed,28,0.119346
10240,indexed,29,0.119885
10240,indexed,30,0.120692
10240,indexed,31,0.118269
10240,indexed,32,0.117539
10240,indexed,33,0.116885
10240,indexed,34,0.118346
10240,indexed,35,0.118
10240,indexed,36,0.116385
10240,indexed,37,0.1175
10240,indexed,38,0.117539
10240,indexed,39,0.117116
10240,indexed,40,0.116923
10240,indexed,41,0.116193
10240,indexed,42,0.120577
10240,indexed,43,0.118808
10240,indexed,44,0.116923
10240,indexed,45,0.115923
10240,indexed,46,0.115769
10240,indexed,47,0.115961
10240,indexed,48,0.119154
10240,indexed,49,0.146077
10240,indexed,50,0.124153
10240,indexed,51,0.119461
10240,indexed,52,0.117769
10240,indexed,53,0.117116
10240,indexed,54,0.157077
10240,indexed,55,0.115461
10240,indexed,56,0.116077
10240,indexed,57,0.118462
10240,indexed,58,0.114384
10240,indexed,59,0.113692
10240,indexed,60,0.113154
10240,indexed,61,0.115115
10240,indexed,62,0.117769
10240,indexed,63,0.115231
10240,indexed,64,0.114693
102400,old-aggregate,1,68.446461
102400,old-aggregate,2,67.182808
102400,old-aggregate,3,67.785923
102400,old-aggregate,4,67.392423
102400,old-aggregate,5,66.883308
102400,old-aggregate,6,67.404385
102400,old-aggregate,7,67.817731
102400,old-aggregate,8,67.519539
102400,indexed,1,0.287346
102400,indexed,2,0.170308
102400,indexed,3,0.142423
102400,indexed,4,0.129808
102400,indexed,5,0.130807
102400,indexed,6,0.126346
102400,indexed,7,0.128653
102400,indexed,8,0.124769
102400,indexed,9,0.122885
102400,indexed,10,0.120576
102400,indexed,11,0.119731
102400,indexed,12,0.119077
102400,indexed,13,0.119346
102400,indexed,14,0.119808
102400,indexed,15,0.122231
102400,indexed,16,0.119038
102400,indexed,17,0.121077
102400,indexed,18,0.116193
102400,indexed,19,0.116
102400,indexed,20,0.116231
102400,indexed,21,0.114846
102400,indexed,22,0.122
102400,indexed,23,0.120846
102400,indexed,24,0.117423
102400,indexed,25,0.118154
102400,indexed,26,0.113654
102400,indexed,27,0.114
102400,indexed,28,0.115346
102400,indexed,29,0.113923
102400,indexed,30,0.128731
102400,indexed,31,0.119346
102400,indexed,32,0.117384
102400,indexed,33,0.114846
102400,indexed,34,0.114192
102400,indexed,35,0.113731
102400,indexed,36,0.113231
102400,indexed,37,0.113731
102400,indexed,38,0.115962
102400,indexed,39,0.113692
102400,indexed,40,0.114769
102400,indexed,41,0.114154
102400,indexed,42,0.116039
102400,indexed,43,0.115269
102400,indexed,44,0.113769
102400,indexed,45,0.115962
102400,indexed,46,0.115808
102400,indexed,47,0.115115
102400,indexed,48,0.113539
102400,indexed,49,0.112462
102400,indexed,50,0.113423
102400,indexed,51,0.115654
102400,indexed,52,0.113269
102400,indexed,53,0.113808
102400,indexed,54,0.111346
102400,indexed,55,0.111116
102400,indexed,56,0.110846
102400,indexed,57,0.114923
102400,indexed,58,0.112615
102400,indexed,59,0.138538
102400,indexed,60,0.115731
102400,indexed,61,0.115731
102400,indexed,62,0.114269
102400,indexed,63,0.114038
102400,indexed,64,0.115846
1000000,old-aggregate,1,740.392615
1000000,old-aggregate,2,740.763384
1000000,old-aggregate,3,755.562884
1000000,old-aggregate,4,789.712384
1000000,old-aggregate,5,761.30523
1000000,old-aggregate,6,758.809768
1000000,old-aggregate,7,759.025884
1000000,old-aggregate,8,762.572538
1000000,indexed,1,0.307
1000000,indexed,2,0.153577
1000000,indexed,3,0.144616
1000000,indexed,4,0.140616
1000000,indexed,5,0.137269
1000000,indexed,6,0.134731
1000000,indexed,7,0.172884
1000000,indexed,8,0.142038
1000000,indexed,9,0.134538
1000000,indexed,10,0.1315
1000000,indexed,11,0.132885
1000000,indexed,12,0.153269
1000000,indexed,13,0.133077
1000000,indexed,14,0.129654
1000000,indexed,15,0.129346
1000000,indexed,16,0.132615
1000000,indexed,17,0.129654
1000000,indexed,18,0.126692
1000000,indexed,19,0.125039
1000000,indexed,20,0.124808
1000000,indexed,21,0.125192
1000000,indexed,22,0.125384
1000000,indexed,23,0.132154
1000000,indexed,24,0.129923
1000000,indexed,25,0.124923
1000000,indexed,26,0.123385
1000000,indexed,27,0.123231
1000000,indexed,28,0.126962
1000000,indexed,29,0.124462
1000000,indexed,30,0.124
1000000,indexed,31,0.128154
1000000,indexed,32,0.154
1000000,indexed,33,0.126
1000000,indexed,34,0.123923
1000000,indexed,35,0.1225
1000000,indexed,36,0.122385
1000000,indexed,37,0.120693
1000000,indexed,38,0.121
1000000,indexed,39,0.124269
1000000,indexed,40,0.124961
1000000,indexed,41,0.122423
1000000,indexed,42,0.124115
1000000,indexed,43,0.122424
1000000,indexed,44,0.123038
1000000,indexed,45,0.122346
1000000,indexed,46,0.120923
1000000,indexed,47,0.126577
1000000,indexed,48,0.127153
1000000,indexed,49,0.123347
1000000,indexed,50,0.123154
1000000,indexed,51,0.122385
1000000,indexed,52,0.123462
1000000,indexed,53,0.120693
1000000,indexed,54,0.126076
1000000,indexed,55,0.1225
1000000,indexed,56,0.121153
1000000,indexed,57,0.119347
1000000,indexed,58,0.118538
1000000,indexed,59,0.155115
1000000,indexed,60,0.1295
1000000,indexed,61,0.123924
1000000,indexed,62,0.127269
1000000,indexed,63,0.163462
1000000,indexed,64,0.113884
