page,groups,elapsed_ms,preview_hits,preview_misses,body_reads
1,50,18.838154,50,0,0
2,50,25.25573,50,0,0
3,50,38.411692,50,0,0
4,50,30.453423,50,0,0
5,50,18.998308,50,0,0
6,50,17.668847,50,0,0
7,50,29.051308,50,0,0
8,50,17.721423,50,0,0
9,50,17.208154,50,0,0
10,50,34.421808,50,0,0
11,50,19.640307,50,0,0
12,50,17.469807,50,0,0
13,50,32.038385,50,0,0
14,50,26.639154,50,0,0
15,50,33.300385,50,0,0
16,50,25.035193,50,0,0
17,50,36.988461,50,0,0
18,50,18.101539,50,0,0
19,50,18.434269,50,0,0
20,50,19.532615,50,0,0
21,50,35.113615,50,0,0
22,50,25.540577,50,0,0
23,50,25.832653,50,0,0
24,50,37.283961,50,0,0
25,50,18.648154,50,0,0
26,50,18.266923,50,0,0
27,50,33.7065,50,0,0
28,50,29.226884,50,0,0
29,50,26.079308,50,0,0
30,50,32.160231,50,0,0
31,50,25.857077,50,0,0
32,50,20.313115,50,0,0
33,50,21.063462,50,0,0
34,50,21.249154,50,0,0
35,50,20.259885,50,0,0
36,50,24.609923,50,0,0
37,50,18.529,50,0,0
38,50,33.891693,50,0,0
39,50,30.100384,50,0,0
40,50,21.177153,50,0,0
41,50,19.990423,50,0,0
42,50,20.223193,50,0,0
43,50,20.447192,50,0,0
44,50,21.372423,50,0,0
45,50,26.363847,50,0,0
46,50,22.499808,50,0,0
47,50,22.040615,50,0,0
48,50,30.026846,50,0,0
49,50,20.433654,50,0,0
50,50,20.002,50,0,0
51,50,19.899231,50,0,0
52,50,20.307846,50,0,0
53,50,17.223923,50,0,0
54,50,34.112115,50,0,0
55,50,28.160577,50,0,0
56,50,17.455616,50,0,0
57,50,29.169154,50,0,0
58,50,19.595807,50,0,0
59,50,29.541039,50,0,0
60,50,17.335577,50,0,0
61,50,38.200961,50,0,0
62,50,17.832423,50,0,0
63,50,28.853193,50,0,0
64,50,17.566116,50,0,0
65,50,17.110077,50,0,0
66,50,34.554347,50,0,0
67,50,19.316654,50,0,0
68,50,17.608153,50,0,0
69,50,29.132538,50,0,0
70,50,25.552307,50,0,0
71,50,25.595038,50,0,0
72,50,17.096923,50,0,0
73,50,24.7095,50,0,0
74,50,17.095077,50,0,0
75,50,24.098769,50,0,0
76,50,17.582653,50,0,0
77,50,23.565308,50,0,0
78,50,29.084653,50,0,0
79,50,17.506654,50,0,0
80,50,30.5415,50,0,0
81,50,25.833731,50,0,0
82,50,18.697462,50,0,0
83,50,23.4035,50,0,0
84,50,17.461154,50,0,0
85,50,21.613076,50,0,0
86,50,23.145808,50,0,0
87,50,24.409115,50,0,0
88,50,16.842076,50,0,0
89,50,20.104,50,0,0
90,50,22.5675,50,0,0
91,50,24.499346,50,0,0
92,50,25.970231,50,0,0
93,50,24.891192,50,0,0
94,50,28.2375,50,0,0
95,50,23.218038,50,0,0
96,50,17.43677,50,0,0
97,50,30.253462,50,0,0
98,50,17.685961,50,0,0
99,50,24.8565,50,0,0
100,50,17.032884,50,0,0
101,50,26.3075,50,0,0
102,50,25.197885,50,0,0
103,50,28.732923,50,0,0
104,50,18.284577,50,0,0
105,50,19.612154,50,0,0
106,50,22.498846,50,0,0
107,50,19.842307,50,0,0
108,50,17.348924,50,0,0
109,50,25.158307,50,0,0
110,50,24.889961,50,0,0
111,50,20.125692,50,0,0
112,50,23.701884,50,0,0
113,50,25.721269,50,0,0
114,50,19.106577,50,0,0
115,50,31.028615,50,0,0
116,50,21.31027,50,0,0
117,50,18.590193,50,0,0
118,50,23.641692,50,0,0
119,50,24.602769,50,0,0
120,50,16.895961,50,0,0
121,50,21.709846,50,0,0
122,50,17.520808,50,0,0
123,50,24.778154,50,0,0
124,50,18.807692,50,0,0
125,50,27.889807,50,0,0
126,50,29.594577,50,0,0
127,50,17.885231,50,0,0
128,50,26.386885,50,0,0
129,50,16.944884,50,0,0
130,50,25.728654,50,0,0
131,50,16.767923,50,0,0
132,50,23.696577,50,0,0
133,50,22.334,50,0,0
134,50,24.098692,50,0,0
135,50,23.260923,50,0,0
136,50,26.871,50,0,0
137,50,22.446423,50,0,0
138,50,40.779076,50,0,0
139,50,22.695192,50,0,0
140,50,17.593616,50,0,0
141,50,16.905654,50,0,0
142,50,17.881153,50,0,0
143,50,24.516462,50,0,0
144,50,26.668846,50,0,0
145,50,29.811423,50,0,0
146,50,16.985615,50,0,0
147,50,25.659077,50,0,0
148,50,18.608846,50,0,0
149,50,27.581846,50,0,0
150,50,29.243346,50,0,0
151,50,17.016231,50,0,0
152,50,22.951115,50,0,0
153,50,23.2815,50,0,0
154,50,24.266,50,0,0
155,50,23.585808,50,0,0
156,50,24.046385,50,0,0
157,50,23.496923,50,0,0
158,50,32.705154,50,0,0
159,50,19.890692,50,0,0
160,50,18.48927,50,0,0
161,50,24.832962,50,0,0
162,50,16.857307,50,0,0
163,50,25.194154,50,0,0
164,50,16.810654,50,0,0
165,50,23.275269,50,0,0
166,50,23.366847,50,0,0
167,50,23.505269,50,0,0
168,50,24.505385,50,0,0
169,50,16.916423,50,0,0
170,50,22.623962,50,0,0
171,50,18.668269,50,0,0
172,50,30.101962,50,0,0
173,50,17.879616,50,0,0
174,50,16.745885,50,0,0
175,50,26.730923,50,0,0
176,50,19.16473,50,0,0
177,50,24.403962,50,0,0
178,50,16.899308,50,0,0
179,50,26.683846,50,0,0
180,50,29.306,50,0,0
181,50,17.551192,50,0,0
182,50,29.217846,50,0,0
183,50,32.317769,50,0,0
184,50,17.792769,50,0,0
185,50,16.581577,50,0,0
186,50,23.454577,50,0,0
187,50,23.806077,50,0,0
188,50,23.486885,50,0,0
189,50,26.860846,50,0,0
190,50,16.899192,50,0,0
191,50,25.347769,50,0,0
192,50,16.720731,50,0,0
193,50,19.073693,50,0,0
194,50,26.280692,50,0,0
195,50,24.913923,50,0,0
196,50,16.795038,50,0,0
197,50,24.655384,50,0,0
198,50,16.979346,50,0,0
199,50,22.642539,50,0,0
200,50,27.366308,50,0,0
201,1,6.462539,1,0,0
